{
    "MSE": 358825882.9412798,
    "RMSE": 18942.699990795394,
    "MAE": 13334.470623266645,
    "R2": -0.15157182727188712
}