{
    "MSE": 1632523555.424767,
    "RMSE": 40404.49919779686,
    "MAE": 38837.94995842405,
    "R2": -11.925238992231337
}