{
    "MSE": 358825882.94127995,
    "RMSE": 18942.699990795398,
    "MAE": 13334.470623266645,
    "R2": -0.15157182727188756
}