{
    "linear_regression": {
        "cv_mean": -0.23119437436093068,
        "cv_std": 0.15440497473725462,
        "test_r2": -0.15157182727188712,
        "test_rmse": 18942.699990795394,
        "test_mae": 13334.470623266645,
        "test_mse": 358825882.9412798
    },
    "random_forest": {
        "cv_mean": -15.588033584830288,
        "cv_std": 12.065975883769017,
        "test_r2": -38.31328015307456,
        "test_rmse": 110679.19862263977,
        "test_mae": 7238.722938549944,
        "test_mse": 12249885007.749746
    },
    "xgboost": {
        "cv_mean": -8.345817005718192,
        "cv_std": 12.035999059699897,
        "test_r2": -735.8845603128534,
        "test_rmse": 479177.143032766,
        "test_mae": 20782.24228303596,
        "test_mse": 229610734405.04388
    },
    "gradient_boosting": {
        "cv_mean": -11.567815529865829,
        "cv_std": 23.476179985604254,
        "test_r2": -575.3811029146963,
        "test_rmse": 423790.5148006434,
        "test_mae": 13476.16642409641,
        "test_mse": 179598400434.99435
    }
}