{
    "linear_regression": {
        "cv_mean": 0.7072618012477585,
        "cv_std": 0.03133788900641489,
        "test_r2": 0.7379345185893531,
        "test_rmse": 5753.277836384652,
        "test_mae": 4358.806072878304,
        "test_mse": 33100205.862634864
    },
    "random_forest": {
        "cv_mean": 0.9983185952147375,
        "cv_std": 0.0009227641028532198,
        "test_r2": 0.9989314973180624,
        "test_rmse": 367.3653959251838,
        "test_mae": 65.64045014772218,
        "test_mse": 134957.33412326704
    },
    "xgboost": {
        "cv_mean": 0.9970959695361316,
        "cv_std": 0.0009269371923437561,
        "test_r2": 0.9975910346390611,
        "test_rmse": 551.6018508502661,
        "test_mae": 315.3050165716492,
        "test_mse": 304264.60186143924
    },
    "gradient_boosting": {
        "cv_mean": 0.9986794619907069,
        "cv_std": 0.0004235154395918282,
        "test_r2": 0.9989713178591031,
        "test_rmse": 360.45498589005103,
        "test_mae": 222.01689158688396,
        "test_mse": 129927.7968529969
    }
}